{"cameraMode":{"drawMode":0,"name":"Shaded","section":"Shading Mode"},"sceneLighting":true,"audioPlay":false,"sceneViewState":{"showFog":true,"showMaterialUpdate":false,"showSkybox":true,"showFlares":true,"showImageEffects":true,"showParticleSystems":true},"in2DMode":false,"pivot":{"x":0.08202594518661499,"y":0.07674997299909592,"z":0.6822826862335205},"rotation":{"x":-0.15858100354671479,"y":-0.4698233902454376,"z":-0.0862218588590622,"w":0.8641088604927063},"size":2.439258098602295,"orthographic":true}